,,alleles,,,,,,,,,,
unknown address ,alleles,most common,rarer,variant_type,freq of variants,gene,location,whole pie = ,GGV link,AlphaFold link,AlphaFold Accession Number,link to slides (UTAs only)
chr3:188271823,A/G,G,A,substitution,red,LPP,exon,0.01,https://popgen.uchicago.edu/ggv/?data=%221000genomes%22&chr=3&pos=188271823,https://alphafold.ebi.ac.uk/entry/Q93052,Q93052,https://docs.google.com/presentation/d/1w_Ib9ZtpNAmisPm9SXSzsWaFAtE3RaxXFZBh_Iayabk/edit?usp=sharing
chr6:11283077,C/G,G,C,substitution,red,NEDD9,intron,0.01,https://popgen.uchicago.edu/ggv/?data=%221000genomes%22&chr=6&pos=11283077,https://alphafold.ebi.ac.uk/entry/Q14511,Q14511,
,,,,,,SKAP1,,,,,,
,,,,,,HELZ,,,,,,
,,,,,,ZNF331,,,,,,
,,,,,,LRRTM4,,,,,,
,,,,,,AGPS,,,,,,
,,,,,,SUMF1,,,,,,
,,,,,,LARS2,,,,,,
chr7:113537952,A/G,G,A,substitution,green,PPP1R3A,intron,0.1,https://popgen.uchicago.edu/ggv/?data=%221000genomes%22&chr=7&pos=113537952,https://alphafold.ebi.ac.uk/entry/F6VA37,F6VA37,https://docs.google.com/presentation/d/19p4v04vnmf-rb_4v1Yco9AOsAT6E0_04sHSlo5WfiRo/edit#slide=id.p
,,,,,,ARPC5,,,,,,
,,,,,,CNTN5,,,,,,
chr12:111630216 ,G/C,C,G,substitution,green,CUX2,intron,0.1,https://popgen.uchicago.edu/ggv/?data=%221000genomes%22&chr=12&pos=111630216,https://alphafold.ebi.ac.uk/entry/O14529,O14529,https://docs.google.com/presentation/d/1pS_yQ45JN6ykD_XgEJflh2AOmORFOeBtuNC9Rujz2Oo/edit?usp=sharing
chr13:70478988 ,T/C,C,T,substitution,green,KLHL1,intron,0.1,https://popgen.uchicago.edu/ggv/?data=%221000genomes%22&chr=13&pos=70478988,https://alphafold.ebi.ac.uk/entry/A0A852CDZ5,A0A852CDZ5,https://docs.google.com/presentation/d/1WBjvG8YbHndFCrYkjsbxtF0J7VJfJAiZUeO1QbyF054/edit?usp=sharing
,,,,,,ADNP,,,,,,
chr3:4712234,A/G,G,A,substitution,blue,ITPR1,inton,1,https://popgen.uchicago.edu/ggv/?data=%221000genomes%22&chr=3&pos=4712234,https://alphafold.ebi.ac.uk/entry/A0A024R2I2,A0A024R2I2,https://docs.google.com/presentation/d/15miTzotUP10hiMeZVG9Vy7enkwSH-SOu-M0YzyqPz5g/edit#slide=id.p
chr5:147552571,T/C,C,T,substitution,green,SPINK14,intron,0.1,https://popgen.uchicago.edu/ggv/?data=%221000genomes%22&chr=5&pos=147552571,https://alphafold.ebi.ac.uk/entry/A0A4W2F114,A0A4W2F114,
chr7:37190830 ,T/C,C,T,substitution,green,ELMO1,intron,0.1,https://popgen.uchicago.edu/ggv/?data=%221000genomes%22&chr=7&pos=37190830,https://alphafold.ebi.ac.uk/entry/Q92556,Q92556,https://docs.google.com/presentation/d/1mB02V8NN3u--W5sLosxs-CPhrXryzP27pVHebhKi9Ps/edit?usp=sharing
,,,,,,WWOX,,,,,,
chr6:56571138 ,G/A,A,G,substitution,blue,DST,intron,1,https://popgen.uchicago.edu/ggv/?data=%221000genomes%22&chr=6&pos=56571138,https://alphafold.ebi.ac.uk/entry/A0A2J8P183,A0A2J8P183,https://docs.google.com/presentation/d/1o7kmqueb1pOnpcK3vkjdE_yeXliAKvvE9I3TyiDOG5o/edit?usp=sharing
chr12:14796643 ,T/G,G,T,substitution,blue,GUCY2C,intron,1,https://popgen.uchicago.edu/ggv/?data=%221000genomes%22&chr=12&pos=14796532,,,
,,,,,,TRAV6,,,,,,
chr17:20067441,G/A,A,G,substitution,red,SPECC1,intron,0.01,https://popgen.uchicago.edu/ggv/?data=%221000genomes%22&chr=17&pos=20067441,https://alphafold.ebi.ac.uk/entry/A0A7L0SVW8,A0A7L0SVW8,https://docs.google.com/presentation/d/1XeFtwYkrZlqFqdAODKuKMFk2kCTEcjCvDEClPJuoGKA/edit#slide=id.g26636f26a58_0_0
,,,,,,YES1,,,,,,
chr2:214712520 ,T/G,G,T,substitution,blue,SPAG16,intron,1,https://popgen.uchicago.edu/ggv/?data=%221000genomes%22&chr=2&pos=214712520,https://alphafold.ebi.ac.uk/entry/H0Y811,H0Y811,https://docs.google.com/presentation/d/10xJbusomeniMUlP3AdGgTpIU4ML7rTgxC3PyDNB6auE/edit?usp=sharing
chr4:17500599,C/T,T,C,substitution,green,QDPR,intron,0.1,https://popgen.uchicago.edu/ggv/?data=%221000genomes%22&chr=4&pos=17500599,https://alphafold.ebi.ac.uk/entry/D6RHJ7,D6RHJ7,https://pitt-my.sharepoint.com/:p:/g/personal/bjw92_pitt_edu/EflQwfrSpUBFggo901Hx2zcBy4pgEEsx_e4aq-u_g1FXBA?e=NvXP1K
,,,,,,SLC26A7,,,,,,
chr1:167516681,G/A,A,G,substitution ,green,CREG1,intron,,https://popgen.uchicago.edu/ggv/?data=%221000genomes%22&chr=1&pos=167516681,https://alphafold.ebi.ac.uk/entry/O75629,O75629,https://docs.google.com/presentation/d/1mOXKEp-5SqpKYIxkcucXAAMuXGz_HjufB891zmFVnQE/edit?usp=sharing 
chr11:5199412,T/C,C,T,substitution ,red,OR52Z1,exon,0.01,https://popgen.uchicago.edu/ggv/?data=%221000genomes%22&chr=11&pos=5199412,https://alphafold.ebi.ac.uk/entry/P0C646,P0C646,https://docs.google.com/presentation/d/1TnN-srCkbus8AwoV2cQoe8dXLRBaLpv29ihvYcet5Bo/edit#slide=id.g2b15d05607c_0_5
,,,,,,SCGB1D4,,,,,,
chr3:85008143,T/G,G,T,substitution,blue,CADM2,intron,1,https://popgen.uchicago.edu/ggv/?data=%221000genomes%22&chr=3&pos=85008143 ,,,
chr12:55343316,C/T,T,C,substitution,blue,TESPA1,intron,1,https://popgen.uchicago.edu/ggv/?data=%221000genomes%22&chr=12&pos=55343316 ,https://alphafold.ebi.ac.uk/entry/A2RU30,A2RU30,
chr1:169219029,T/C,C,T,substitution,blue,NME7,intron,1,https://popgen.uchicago.edu/ggv/?data=%221000genomes%22&chr=1&pos=169219029,https://alphafold.ebi.ac.uk/entry/Q9Y5B8,Q9Y5B8,
chr4:42042474 ,A/AG,AG,A,Indel,Green,SLC30A9,intron,0.1,https://popgen.uchicago.edu/ggv/?data=%221000genomes%22&chr=4&pos=42042474,https://alphafold.ebi.ac.uk/entry/Q6PML9,Q6PML9,
chr4:42042070,T/C,C,T,Substitution,Green,SLC30A9,Intron,0.1,https://popgen.uchicago.edu/ggv/?data=%221000genomes%22&chr=4&pos=42042070,https://alphafold.ebi.ac.uk/entry/Q6PML9,Q6PML9,
chr4:21338700 ,A/G,G,A,substitution,green,KCNIP4,intron,0.1,https://popgen.uchicago.edu/ggv/?data=%221000genomes%22&chr=4&pos=21338700,https://alphafold.ebi.ac.uk/entry/Q6PIL6,QPIL6,
chr6:158305285 ,T/C,C,G,substitution ,green,SNX9,intron,0.1,https://popgen.uchicago.edu/ggv/?data=%221000genomes%22&chr=6&pos=158305285,https://alphafold.ebi.ac.uk/entry/Q9Y5X1,Q9Y5X1,
chr1:47558419 ,T/C,C,T,substitution,green,CYP4Z1,intron,0.1,https://popgen.uchicago.edu/ggv/?data=%221000genomes%22&chr=1&pos=47558419,https://alphafold.ebi.ac.uk/entry/Q86W10,Q86W10,
chr10:25677454 ,A/G,G,A,substitution,green,GPR158,intron,0.1,https://popgen.uchicago.edu/ggv/?data=%221000genomes%22&chr=10&pos=25677454,https://alphafold.ebi.ac.uk/entry/Q5T848,,
chr11:100906791 ,G/T,T,G,substitution,green,PGR,exon,0.1,https://popgen.uchicago.edu/ggv/?data=%221000genomes%22&chr=11&pos=100906791,,,
chr20:2125645 ,T/C,C,T,substitution,green,STK35,exon,0.1,https://popgen.uchicago.edu/ggv/?data=%221000genomes%22&chr=20&pos=2125645 ,,,
chr10:95155373 ,C/T,T,C,substitution,green,MYOF,intron,0.1,https://popgen.uchicago.edu/ggv/?data=%221000genomes%22&chr=10&pos=95155373,https://alphafold.ebi.ac.uk/entry/Q9NZM1,Q9NZM1,
chr5:41800336 ,G/C,C,G,substitution,green,OXCT1,intron,0.1,https://popgen.uchicago.edu/ggv/?data=%221000genomes%22&chr=5&pos=41800336,https://alphafold.ebi.ac.uk/entry/A1E286,A1E286,
chr5:153434574 ,G/A,A,G,substitution,green,MFAP3,exon,0.1,https://popgen.uchicago.edu/ggv/?data=%221000genomes%22&chr=5&pos=153434574,https://alphafold.ebi.ac.uk/entry/P55082,P55082,
chr10:74127832 ,C/A,A,C,substitution,Red,MICU1,intron,0.01,https://popgen.uchicago.edu/ggv/?data=%221000genomes%22&chr=10&pos=74127832,https://alphafold.ebi.ac.uk/entry/S4R3W3,S4R3W3,
chr11:24811340,C/T,T,C,substitution,green,LUZP2,exon,0.1,https://popgen.uchicago.edu/ggv/?data=%221000genomes%22&chr=11&pos=24811340,https://alphafold.ebi.ac.uk/entry/Q86TE4,Q86TE4,
chr7:82993700 ,A/T,T,A,substitution,green,SEMA3E,exon,0.1,https://popgen.uchicago.edu/ggv/?data=%221000genomes%22&chr=7&pos=82993700,https://alphafold.ebi.ac.uk/entry/O15041,O15041,
chr5:33707887 ,T/C,C,T,Substitution,Green,ADAMTS12,Intron,0.1,"https://popgen.uchicago.edu/ggv/?data=""1000genomes""&chr=5&pos=33707887 ", https://alphafold.ebi.ac.uk/entry/Q8TE60,Q8TE60,
chr5:128335047 ,T/C, C,T,Substitution ,Green,SLC27A6,Intron ,0.1,https://popgen.uchicago.edu/ggv/?data=%221000genomes%22&chr=5&pos=128335047,"https://alphafold.ebi.ac.uk/entry/Q9Y2P4
",Q9Y2P4,
chr5:145861431 ,G/C,C,G,substitution,green,TCERG1,exon,0.1,https://popgen.uchicago.edu/ggv/?data=%221000genomes%22&chr=5&pos=145861431,https://alphafold.ebi.ac.uk/entry/O14776,O14776,
chr1:116276970,C/A,A,C,substitution,green,CASQ2,intron,0.1,https://popgen.uchicago.edu/ggv/?data=%221000genomes%22&chr=1&pos=116276970,https://alphafold.ebi.ac.uk/entry/O14958,O14958,
chr10:28465958 ,T/A,A,T,Substitution,green,MPP7,Intron,0.1,https://popgen.uchicago.edu/ggv/?data=%221000genomes%22&chr=10&pos=28465958,https://alphafold.ebi.ac.uk/entry/Q5T2T1,Q5T2T1,
chr6:137343720,,,,,,,,,,,,
chr12:10236807,T/C,C,T,Substitution,green,CLEC1A,Exon,0.1,https://popgen.uchicago.edu/ggv/?data=%221000genomes%22&chr=12&pos=10236807,https://alphafold.ebi.ac.uk/entry/Q8NC01,Q8NC01,
chr11:61905985,A/G,G,A,Substitution,blue,INCENP,intron,1,https://popgen.uchicago.edu/ggv/?data=%221000genomes%22&chr=11&pos=61905985,https://alphafold.ebi.ac.uk/entry/Q9NQS7,Q9NQS7,
chr21:42813566,A/G,G,A,substitution,green,MX1,Exon,0.1,https://popgen.uchicago.edu/ggv/?data=%221000genomes%22&chr=21&pos=42813566,https://alphafold.ebi.ac.uk/entry/P20591,P20591,
chr17:63909965,,,,,,,,,,,,
chr10:56484211,C/T,T,C,substitution,green,PCDH15,intron,0.1,https://popgen.uchicago.edu/ggv/?data=%221000genomes%22&chr=10&pos=56484211,https://alphafold.ebi.ac.uk/search/text/PCDH15A?suggested=true,A0A1A8M9R8,
chr7:144319163,T/C,C,T,substitution,green,TPK1,intron,0.1,https://popgen.uchicago.edu/ggv/?data=%221000genomes%22&chr=7&pos=144319163,https://alphafold.ebi.ac.uk/entry/Q9H3S4,Q9H3S4,
chr22:32590471,A/G,G,A,substitution,green,RFPL2,exon ,0.1,https://popgen.uchicago.edu/ggv/?data=%221000genomes%22&chr=22&pos=32590471,,,
chr8:120974366,A/C,C,A,sustitution,green,DEPTOR,intron,0.1,https://popgen.uchicago.edu/ggv/?data=%221000genomes%22&chr=8&pos=120974366,https://alphafold.ebi.ac.uk/search/text/DEPTOR?organismScientificName=Homo%20sapiens&isReviewed=true,Q8TB45,
chr20:2087758,,,,,,,,,,,,
chr1:54088569,G/A,A,G,substitution,blue,GLIS1,exon,1,https://popgen.uchicago.edu/ggv/?data=%221000genomes%22&chr=1&pos=54088569,https://alphafold.ebi.ac.uk/entry/Q8NBF1,Q8NBF1,
chr3:108056369,T/G,G,T,substitution,green,HHLA2,intron,0.1,https://popgen.uchicago.edu/ggv/?data=%221000genomes%22&chr=3&pos=108056369,https://alphafold.ebi.ac.uk/entry/Q9UM44,Q9UM44,
chr4:41532103,T/G,G,T,substitution,blue,LIMCH1,intron,1,https://popgen.uchicago.edu/ggv/?data=%221000genomes%22&chr=4&pos=41532103,https://alphafold.ebi.ac.uk/entry/Q9UPQ0,Q9UPQ0,
chr10:14029313,A/T,T,A,substitution,blue,FRMD4A,intron,1,https://popgen.uchicago.edu/ggv/?data=%221000genomes%22&chr=10&pos=14029313,https://alphafold.ebi.ac.uk/entry/Q9P2Q2,Q9P2Q2,
chr3:64165770,G/A,A,G,substitution,blue,PRICKLE2,intron,1,https://popgen.uchicago.edu/ggv/?data=%221000genomes%22&chr=3&pos=64165770 ,https://alphafold.ebi.ac.uk/entry/Q7Z3G6,Q7Z3G6,
chr8:52773230,C/G,G,C,substitution,Blue,PCMTD1,exon,1,https://popgen.uchicago.edu/ggv/?data=%221000genomes%22&chr=8&pos=52773230,https://alphafold.ebi.ac.uk/entry/Q96MG8,Q96MG8,
chr9:9463556,T/C,C,T,substitution,Blue,PTPRD,intron,1,https://popgen.uchicago.edu/ggv/?data=%221000genomes%22&chr=9&pos=9463556, https://alphafold.ebi.ac.uk/entry/P23468 ,P23468,
chr1:1309885,G/A,A,G,substitution,Blue,AURKAIP1,exon,1,https://popgen.uchicago.edu/ggv/?data=%221000genomes%22&chr=1&pos=1309885,https://alphafold.com/entry/Q9NWT8,Q9NWT8,
chr10:95158795,A/G,G,A,substitution,Blue,ZMYND11,intron,1,https://popgen.uchicago.edu/ggv/?data=%221000genomes%22&chr=10&pos=95158795,https://alphafold.ebi.ac.uk/entry/A0A2K6AW91,A0A6J8B4E8,
chr10:117280810,A/G,G,A,substitution,Blue,ATRNL1,intron,1,https://popgen.uchicago.edu/ggv/?data=%221000genomes%22&chr=10&pos=117280810,https://alphafold.ebi.ac.uk/entry/Q5VV63,Q5VV63,
chr13:26296918,C/T,T,C,substitution,Blue,ATP8A2,intron,1,https://popgen.uchicago.edu/ggv/?data=%221000genomes%22&chr=13&pos=26296918,https://alphafold.com/entry/Q9NTI2,Q9NTI2,
chr22:40643839,T/C,C,T,substitution,Blue,TNRC6B,Intron,1,GGV (uchicago.edu),AlphaFold Protein Structure Database,A0A7K7A203,
chr7:4008956,G/A,A,G,Substitution,Green,SDK1,Exon,0.1,https://popgen.uchicago.edu/ggv/?data=%221000genomes%22&chr=7&pos=4008956,https://alphafold.ebi.ac.uk/entry/Q7Z5N4,Q7Z5N4,
chr12:19633912,G/A,A,G,subsitution,green,AEBP2,Intron,0.1,https://popgen.uchicago.edu/ggv/?data=%221000genomes%22&chr=12&pos=19633912,https://alphafold.ebi.ac.uk/entry/Q6ZN18,Q6ZN18,
chr2:9588091 ,G/A,A,G,substitution,blue,CPSF3,intron,1,https://popgen.uchicago.edu/ggv/?data=%221000genomes%22&chr=2&pos=9588091,https://popgen.uchicago.edu/ggv/?data=%221000genomes%22&chr=2&pos=9588091,Q28FT5,
chr20:37154890,A/C,C,A,substitution,green,RALGAPB,intron,0.1,https://popgen.uchicago.edu/ggv/?data=%221000genomes%22&chr=20&pos=37154890,https://alphafold.ebi.ac.uk/entry/Q86X10,Q86X10,
chr7:55183115 ,A/C,C,A,substitution ,blue,EGFR,intron,1,https://popgen.uchicago.edu/ggv/?data=%221000genomes%22&chr=7&pos=55183115,https://alphafold.ebi.ac.uk/entry/P00533,P00533,
chr9:138523411 ,C/T,T,C,substitution ,blue,GLT6D1,exon,1,https://popgen.uchicago.edu/ggv/?data=%221000genomes%22&chr=9&pos=138523411,,,
chr10:111825670 ,A/C,C,A,substitution ,blue,ADD3,intron,1,GGV ,https://alphafold.ebi.ac.uk/entry/G8S4I0,G8S410,
chr2:210750316,,,,,,,,,,,,
chr3:114449717 ,,,,,,,,,,,,
chr3:188966763,T/C,C,T,substitution,blue,TPRG1,intron,1,https://popgen.uchicago.edu/ggv/?data=%221000genomes%22&chr=3&pos=188966763,https://alphafold.ebi.ac.uk/entry/C9IYC1,C9IYC1,
chr10:118212543 ,A/T,T,A,substitution,blue,PNLIPRP3,intron,1,https://popgen.uchicago.edu/ggv/?data=%221000genomes%22&chr=10&pos=118212543,https://alphafold.ebi.ac.uk/entry/Q17RR3,Q17RR3,
chr12:21482964 ,C/T,T,C,substitution,blue,SLCO1A2,intron,1,https://popgen.uchicago.edu/ggv/?data=%221000genomes%22&chr=12&pos=21482964,https://alphafold.ebi.ac.uk/entry/P46721,P46721,
chr2:223357880 ,A/G,G,A,substitution,green,SGPP2,intron,0.1,GGV (uchicago.edu),AlphaFold Protein Structure Database (ebi.ac.uk),Q8IWX5,
chr4:73290732 ,C/T,T,C,substitution,green,ADAMTS3,Intron,0.1,https://popgen.uchicago.edu/ggv/?data=%221000genomes%22&chr=4&pos=73290732,https://alphafold.ebi.ac.uk/entry/O15072,O15072,
chr12:96118198 ,G/A,A,G,substitution,green,NTN4,intron,0.1,https://popgen.uchicago.edu/ggv/?data=%221000genomes%22&chr=12&pos=96118198,https://alphafold.ebi.ac.uk/entry/Q9HB63,Q9HB63,
chr4:124042422 ,T/A,A,T,substitution,blue,SPATAS,intron,1,https://popgen.uchicago.edu/ggv/?data=%221000genomes%22&chr=4&pos=124042422,,,
chr21:43960723,G/A,G,A,substitution,blue,SLC37A1,intron,1,https://popgen.uchicago.edu/ggv/?data=%221000genomes%22&chr=21&pos=43960723  ,https://alphafold.ebi.ac.uk/entry/P57057,P57057,
chr15:26903815 ,A/T,T,A,substitution,green,GABRB3,intron,0.1,https://popgen.uchicago.edu/ggv/?data=%221000genomes%22&chr=15&pos=26903815 ,https://alphafold.ebi.ac.uk/entry/P28472 ,P28472,
chr4:154656066 ,A/G,G,A,substitution,blue,RNF175,Intron,1,https://popgen.uchicago.edu/ggv/?data=%221000genomes%22&chr=4&pos=154656066,https://alphafold.ebi.ac.uk/entry/Q8N4F7,Q8N4F7,
chr6:89496551 ,C/T,T,C,substitution,green,RNGTT,intron,0.1,https://popgen.uchicago.edu/ggv/?data=%221000genomes%22&chr=6&pos=89496551,https://alphafold.ebi.ac.uk/entry/O60942,O60942,
chr2:121622082 ,A/T,T,A,substitution,green,GLI2,intron,0.1,https://popgen.uchicago.edu/ggv/?data=%221000genomes%22&chr=2&pos=121622082,https://alphafold.ebi.ac.uk/entry/P10070,P10070,
chr22:36916124 ,G/A,A,G,substitution,green,EIF3D,intron,0.1,https://popgen.uchicago.edu/ggv/?data=%221000genomes%22&chr=22&pos=36916124,https://alphafold.ebi.ac.uk/entry/O15371,O15371,
chr2:231736561 ,T/C,C,T,substitution,green,ITM2C,intron,0.1,https://popgen.uchicago.edu/ggv/?data=%221000genomes%22&chr=2&pos=231736561,https://alphafold.ebi.ac.uk/entry/Q9NQX7,Q9NQX7,
chr4:2158643 ,T/C,C,T,substitution,green,POLN,exon,0.1,https://popgen.uchicago.edu/ggv/?data=%221000genomes%22&chr=3&pos=188271823,https://alphafold.ebi.ac.uk/entry/Q7Z5Q5,Q7Z5Q5,
chr7:158572968 ,A/G,G,A,substitution,green,ESYT2,intron,0.1,https://popgen.uchicago.edu/ggv/?data=%221000genomes%22&chr=7&pos=158572968,https://alphafold.ebi.ac.uk/entry/A0FGR8,A0FGR8,
chr4:185635159 ,,,,,,MLF1IP,,,,,,
chr1:110016950 ,C/T,C,T,substitution,green,SYPL2,intron,0.1,https://popgen.uchicago.edu/ggv/?data=%221000genomes%22&chr=1&pos=110016950,https://alphafold.ebi.ac.uk/entry/Q5VXT5,Q5VXT5,
chr10:56484291 ,C/A,A,C,substitution,green,PCDH15,intron,0.01,https://popgen.uchicago.edu/ggv/?data=%221000genomes%22&chr=10&pos=56484291,https://alphafold.ebi.ac.uk/entry/Q96QU1,Q96QU1,
chr12:15613153 ,T/C,C,T,substitution,blue,PTPRO,intron,,https://popgen.uchicago.edu/ggv/?data=%221000genomes%22&chr=12&pos=15613153,,,
chr2:15504124 ,G/A,A,G,substitution,green,NBAS,intron,0.1,https://popgen.uchicago.edu/ggv/?data=%221000genomes%22&chr=2&pos=15504124,https://alphafold.ebi.ac.uk/entry/M5BMB5,C9JCM7,
chr19:9237147 ,T/C,C,T,substitution,green,OR7G3,exon,0.1,https://popgen.uchicago.edu/ggv/?data=%221000genomes%22&chr=19&pos=9237147,https://alphafold.ebi.ac.uk/entry/Q8NG95,Q8NG95,
chr3:102175953,C/T,T,C,substitution,green,ZPLD1,intron,0.1,https://popgen.uchicago.edu/ggv/?data=%221000genomes%22&chr=3&pos=102175953,https://alphafold.ebi.ac.uk/entry/Q8TCW7,Q8TCW7,
chr8:121686067 ,T/G,G,T,substitution,green,SNTB1,intron,0.1,https://popgen.uchicago.edu/ggv/?data=%221000genomes%22&chr=8&pos=121686067,https://alphafold.ebi.ac.uk/entry/Q13884,Q13884,
chr10:73916396 ,A/G,G,A,substitution,green,ASCC1,intron,0.1,https://popgen.uchicago.edu/ggv/?data=%221000genomes%22&chr=10&pos=73916396 ,https://alphafold.ebi.ac.uk/entry/Q8N9N2 ,Q8N9N2 ,
chr15:44325177 ,C/T,T,C,substitution,green,FRMD5,intron,0.1,https://popgen.uchicago.edu/ggv/?data=%221000genomes%22&chr=15&pos=44325177,https://alphafold.ebi.ac.uk/entry/Q7Z6J6,Q7Z6J6,
chr4:86660170 ,T/C,C,T,substitution,blue,ARHGAP24,intron,1,https://popgen.uchicago.edu/ggv/?data=%221000genomes%22&chr=4&pos=86660170,https://alphafold.ebi.ac.uk/entry/Q8N264,Q8N264,
chr9:2104465 ,G/C,C,G,substitution,green,SMARCA2,intron,0.1,https://popgen.uchicago.edu/ggv/?data=%221000genomes%22&chr=9&pos=2104465,https://alphafold.ebi.ac.uk/entry/P51531,P51531,
chr8:53172806,C/T,C,T,substitution,blue,ST18,intron,1,https://popgen.uchicago.edu/ggv/?data=%221000genomes%22&chr=8&pos=53172806,https://alphafold.ebi.ac.uk/entry/O60284,O60284,
chr1:244714049,A/G,G,A,Substitution,green,C1orf101,intron,0.1,https://popgen.uchicago.edu/ggv/?data=%221000genomes%22&chr=1&pos=244714049,https://alphafold.ebi.ac.uk/entry/Q5SY80,Q5SY80,
chr2:1158922 ,A/G,G,A,substitution,green,SNTG2,intron,0.1,https://popgen.uchicago.edu/ggv/?data=%221000genomes%22&chr=2&pos=1158922,https://alphafold.ebi.ac.uk/entry/Q9NY99,Q9NY99,
chr5:26959622 ,G/A,A,G,substitution,blue,CDH9,intron,1, https://popgen.uchicago.edu/ggv/?data=%221000genomes%22&chr=5&pos=26959622 ,https://alphafold.ebi.ac.uk/entry/Q9ULB4,Q9ULB4,
chr5:150049655 ,C/A,A,C,substitution,blue,MYOZ3,intron,1,https://popgen.uchicago.edu/ggv/?data=%221000genomes%22&chr=5&pos=150049655 ,https://alphafold.ebi.ac.uk/entry/Q8TDC0,Q8TDC0,
chr11:7381690,,,,,,,,,,,,
chr4:106854786 ,T/C,C,T,substitution,blue,NPNT,intron,1,https://popgen.uchicago.edu/ggv/?data=%221000genomes%22&chr=4&pos=106854786,https://alphafold.ebi.ac.uk/entry/Q6UXI9,Q6UXI9,
chr8:145167855 ,A/G,G,A,substitution,green,KIAA1875,itron,0.1,https://popgen.uchicago.edu/ggv/?data=%221000genomes%22&chr=8&pos=145167855,,,
chr20:53179935 ,G/A,A,G,substitution,green,DOK5,intron,0.1,https://popgen.uchicago.edu/ggv/?data=%221000genomes%22&chr=20&pos=53179935,https://alphafold.ebi.ac.uk/entry/Q9P104,Q9P104,
chr10:527824 ,G/C,C,G,substitution,green,DIP2C,intron,0.1,https://popgen.uchicago.edu/ggv/?data=%221000genomes%22&chr=10&pos=527824,https://alphafold.ebi.ac.uk/entry/Q9Y2E4,Q9Y2E4,
chr15:44325177 ,C/T,T,C,substitution,green,FRMD5,intron,0.1, https://popgen.uchicago.edu/ggv/?data=%221000genomes%22&chr=15&pos=44325177,https://alphafold.ebi.ac.uk/entry/Q7Z6J6,Q7Z6J6,
chr21:19464660 ,A/G,G,A,substitution,green,CHODL,intron,0.1,https://popgen.uchicago.edu/ggv/?data=%221000genomes%22&chr=21&pos=19464660,https://alphafold.ebi.ac.uk/entry/Q8N9N2,Q9H9P2,
chr10:73916396 ,A/G,A,G,substitution,green,ASCC1,Intron,0.1,https://popgen.uchicago.edu/ggv/?data=%221000genomes%22&chr=10&pos=73916396,https://alphafold.ebi.ac.uk/entry/Q8N9N2,Q8N9N2,
chr9:125330325 ,G/C,C,G,substitution ,blue ,OR1L8,exon,1,https://popgen.uchicago.edu/ggv/?data=%221000genomes%22&chr=9&pos=125330325 ,https://alphafold.ebi.ac.uk/entry/Q8NGR8,Q8NGR8,
chr17:58562075 ,C/A,A,C,substitution,green,APPBP2,intron,0.1,https://popgen.uchicago.edu/ggv/?data=%221000genomes%22&chr=17&pos=58562075,https://alphafold.ebi.ac.uk/entry/Q92624,Q92624,
chr10:26362389 ,G/T,T,G,substitution,green,MYO3A,intron,0.1,https://popgen.uchicago.edu/ggv/?data=%221000genomes%22&chr=10&pos=26362389 ,https://alphafold.ebi.ac.uk/entry/Q8NEV4,Q8NEV4,
chr11:58606797 ,G/T,G,T,substitution,green,GLYATL2,intron,0.1,https://popgen.uchicago.edu/ggv/?data=%221000genomes%22&chr=11&pos=58606797,https://alphafold.ebi.ac.uk/entry/Q8WU03,Q8WU03,
chr12:8619439 ,T/TG,T,TG,Indel,blue ,CLEC6A,intron,1,https://popgen.uchicago.edu/ggv/?data=%221000genomes%22&chr=12&pos=8619439,https://alphafold.com/entry/Q6EIG7,,
chr3:172732856 ,,,,,,,,,,,,
chr12:6145806 ,A/G,G,A,Substiution,green,VWF,Intron,0.1,https://popgen.uchicago.edu/ggv/?data=%221000genomes%22&chr=12&pos=6145806 , https://alphafold.ebi.ac.uk/entry/I3L4K4,I3L4K4,
chr16:17380363 ,G/A,A,G,Substitution,green,XYLT1,Intron,0.1,https://popgen.uchicago.edu/ggv/?data=%221000genomes%22&chr=16&pos=17380363,https://alphafold.ebi.ac.uk/entry/Q86Y38,Q86Y38,
chr15:28461588 ,A/G,G,A,Substitution,green,HERC2,Intron,0.1,https://popgen.uchicago.edu/ggv/?data=%221000genomes%22&chr=15&pos=28461588,https://alphafold.ebi.ac.uk/entry/A8KAQ8 ,A8KAQ8,
chr5:128335133 ,T/A,A,G,Substitution,Blue,SLC27A6,intron,1,https://popgen.uchicago.edu/ggv/?data=%221000genomes%22&chr=5&pos=128335133,https://alphafold.ebi.ac.uk/entry/Q9Y2P4,Q9Y2P4,
chr19:52988519 ,A/G,G,A,Substitution,green,ZNF578,intron,0.1,https://popgen.uchicago.edu/ggv/?data=%221000genomes%22&chr=19&pos=52988519,https://alphafold.ebi.ac.uk/entry/Q96N58,Q96N58,
chr9:132620899,C/G,G,C,Substitution,Green,USP20,Exon,0.1,https://popgen.uchicago.edu/ggv/?data=%221000genomes%22&chr=9&pos=132620899,https://alphafold.ebi.ac.uk/entry/Q9Y2K6,Q9Y2K6,
chr2:160117889,T/C,C,T,substitution,Blue,WDSUB1,intron,1,https://popgen.uchicago.edu/ggv/?data=%221000genomes%22&chr=2&pos=160117889,https://alphafold.ebi.ac.uk/entry/Q8N9V3,Q8N9V3,
chr3:192574934,C/A,A,C,substitution,Green,MD21d2,intron,0.1,https://popgen.uchicago.edu/ggv/?data=%221000genomes%22&chr=3&pos=192574934,https://alphafold.ebi.ac.uk/entry/V9L2L4,V9L2L4,
chr8:16007617,G/A,A,G,substitution,blue,MSR1,intron,1,https://popgen.uchicago.edu/ggv/?data=%221000genomes%22&chr=8&pos=16007617,https://alphafold.ebi.ac.uk/entry/P21757,P21757,
chr8:124823393,C/G,G,C,substitution,green,FAM91A1,exon,0.1,https://popgen.uchicago.edu/ggv/?data=%221000genomes%22&chr=8&pos=124823393,https://alphafold.ebi.ac.uk/entry/A0A0V0RKE5,A0A0V0RKE5,
chr11:40808643,T/G,G,T,substitution,blue,LRRC4C,intron,1,https://popgen.uchicago.edu/ggv/?data=%221000genomes%22&chr=11&pos=40808643,https://alphafold.ebi.ac.uk/entry/Q9HCJ2,Q9HCJ2,
chr1:35648994,T/A,A,T,substitution,green,SFPQ,exon,0.1,https://popgen.uchicago.edu/ggv/?data=%221000genomes%22&chr=1&pos=35648994,https://alphafold.ebi.ac.uk/entry/Q6PIX2,Q6PIX2,
chr15:64268853,A/G,G,A,substitution,blue,DAPK2,intron,1,https://popgen.uchicago.edu/ggv/?data=%221000genomes%22&chr=15&pos=64268853,https://alphafold.ebi.ac.uk/entry/Q9UIK4,Q9UIK4,
chr3:41645766,T/C,C,T,substituition ,green,ULK4,exon,0.1,https://popgen.uchicago.edu/ggv/?data=%221000genomes%22&chr=3&pos=41645766,https://alphafold.ebi.ac.uk/entry/Q96C45,Q96C45,
chr17:59112893,A/G,G,A,substituition ,green,BCAS3,intron,0.1,https://popgen.uchicago.edu/ggv/?data=%221000genomes%22&chr=17&pos=59112893,https://alphafold.ebi.ac.uk/entry/Q9H6U6,Q9H6U6,
chr2:10029063,T/G,G,T,subsitiustion,blue,TAF1B,intron,1,https://popgen.uchicago.edu/ggv/?data=%221000genomes%22&chr=2&pos=10029063,https://alphafold.ebi.ac.uk/entry/Q53T94,,
chr5:11438283,T/A,A,T,substitution,green,CTNND2,intron,0.1,https://popgen.uchicago.edu/ggv/?data=%221000genomes%22&chr=5&pos=11438283,https://alphafold.ebi.ac.uk/entry/Q9UQB3,Q9UQB3,
chr7:8196591,C/A,A,C,substitution,blue,ICA1,intron,1,https://popgen.uchicago.edu/ggv/?data=%221000genomes%22&chr=7&pos=8196591,https://alphafold.ebi.ac.uk/entry/Q05084,Q05084,
chr7:19155445 ,A/G,G,A,subsitution,red,TWIST1,exon,0.01,https://popgen.uchicago.edu/ggv/?data=%221000genomes%22&chr=7&pos=19155445,https://alphafold.ebi.ac.uk/entry/Q15672,Q15672,
chr10:81701739 ,T/C,C,T,substitution,green,SFTPD,exon,0.1,https://popgen.uchicago.edu/ggv/?data=%221000genomes%22&chr=10&pos=81701739,https://alphafold.ebi.ac.uk/entry/Q5T0M2,Q5T0M2,
chr2:113673470,T/C,C,T,substitution,blue,IL37,intron,1,https://popgen.uchicago.edu/ggv/?data=%221000genomes%22&chr=2&pos=113673470,https://alphafold.ebi.ac.uk/entry/Q9NZH6,Q9NZH6,
chr21:30699085,C/T,T,C,subsitution,blue,BACH1,exon,1,https://popgen.uchicago.edu/ggv/?data=%221000genomes%22&chr=21&pos=30699085 , https://alphafold.ebi.ac.uk/entry/O14867,O14867,
chr3:138452645,A/G,G,A,substitution,green,PIK3CB,intron,0.1,https://popgen.uchicago.edu/ggv/?data=%221000genomes%22&chr=3&pos=138452645,https://alphafold.ebi.ac.uk/entry/P42338,P42338,
chr8:2044094,A/G,G,A,substitution,green,MYOM2,exon,0.1,https://popgen.uchicago.edu/ggv/?data=%221000genomes%22&chr=8&pos=2044094,https://alphafold.ebi.ac.uk/entry/P54296,P54296,
chr19:11886393,G/C,C,T,subsitution,blue,ZNF441,intron,1,https://popgen.uchicago.edu/ggv/?data=%221000genomes%22&chr=19&pos=11886393,https://alphafold.ebi.ac.uk/entry/Q8N8Z8,Q8N8Z8,
chr2:131672042,A/G,G,A,substitution ,green,ARHGEF4,intron,0.1,https://popgen.uchicago.edu/ggv/?data=%221000genomes%22&chr=2&pos=131672042,https://alphafold.ebi.ac.uk/entry/A0A7K7PW85,A0A7K7PW85,
chr1:25882670,A/G,G,A,substitution,red,LDLRAP1,intron,0.01,https://popgen.uchicago.edu/ggv/?data=%221000genomes%22&chr=1&pos=25882670,https://alphafold.ebi.ac.uk/entry/Q5SW96,Q5SW96,
chr1:64445833,A/G,G,A,subsitution,blue,ROR1,intron,1, https://popgen.uchicago.edu/ggv/?data=%221000genomes%22&chr=1&pos=64445833,https://alphafold.ebi.ac.uk/entry/Q01973 ,Q01973,
chr2:228565656,A/G,G,A,subsitution,blue,SLC19A3,exon,1,https://popgen.uchicago.edu/ggv/?data=%221000genomes%22&chr=2&pos=228565656 ,https://alphafold.ebi.ac.uk/entry/Q9BZV2 ,Q9BZV2,
chr21:19464045,C/T,T,C,substitution,green,CHODL,intron,0.1,https://popgen.uchicago.edu/ggv/?data=%221000genomes%22&chr=21&pos=19464045,https://alphafold.com/entry/Q9H9P2,Q9H9P2,
chr6:65423478,G/A,A,G,substitution,blue,EYS,inron,1,"https://popgen.uchicago.edu/ggv/?data=""1000genomes""&chr=6&pos=65423478",https://alphafold.ebi.ac.uk/entry/L8E9T9,,
chr13:41571543,C/G,G,C,substitution,green,ELF1,intron,0.1,https://popgen.uchicago.edu/ggv/?data=%221000genomes%22&chr=13&pos=41571543,https://alphafold.ebi.ac.uk/entry/P32519,P32519,
chr8:73978753,T/C,C,T,substitution,blue,SBSPON,exon,0.01,https://popgen.uchicago.edu/ggv/?data=%221000genomes%22&chr=8&pos=73978777,https://alphafold.ebi.ac.uk/entry/Q8IVN8,Q8IVN8,
chr10:56484291,C/A,A,C,substitution,green,PCDH15,intron,0.1,https://popgen.uchicago.edu/ggv/?data=%221000genomes%22&chr=10&pos=56484291,https://alphafold.ebi.ac.uk/entry/Q96QU1,Q96QU1,
chr17:65901457,C/G,G,C,substitution,blue,BPTF,intron,1,https://popgen.uchicago.edu/ggv/?data=%221000genomes%22&chr=17&pos=65901457,https://alphafold.ebi.ac.uk/entry/Q86TN2,Q86TN2,
chr7:3824706,A/G,G,A,substitution,green,SDK1,intron,0.1,https://popgen.uchicago.edu/ggv/?data=%221000genomes%22&chr=7&pos=3824706,https://alphafold.ebi.ac.uk/entry/Q7Z5N4,Q7Z5N4,
chr17:53864479,T/C,C,T,substitution,green,PCTP,intron,0.1,,,,
chr19:17837806,A/C,C,A,substitution,blue,MAP1S,exon,1,https://popgen.uchicago.edu/ggv/?data=%221000genomes%22&chr=19&pos=17837806,https://alphafold.ebi.ac.uk/entry/Q66K74,Q66K74,
chr9:103089770,T/C,C,T,substitution,green,TEX10,intron,0.1,https://popgen.uchicago.edu/ggv/?data=%221000genomes%22&chr=9&pos=103089770,https://alphafold.ebi.ac.uk/entry/Q9NXF1,Q9NXF1,
chr7:73943713,G/A,A,G,substitution,blue,GTF2IRD1,intron,1,"https://popgen.uchicago.edu/ggv/?data=""1000genomes""&chr=7&pos=73943713",https://alphafold.ebi.ac.uk/entry/Q9UHL9,Q9UHL9,
chr12:1352773,A/G,G,A,substitution,blue,ERC1,intron,1,https://popgen.uchicago.edu/ggv/?data=%221000genomes%22&chr=12&pos=1352773,https://alphafold.ebi.ac.uk/entry/Q8IUD2,Q8IUD2,
chr13:38930856,T/A,A,T,substitution,green,UFM1,intron,0.1,https://popgen.uchicago.edu/ggv/?data=%221000genomes%22&chr=13&pos=38930892,https://alphafold.ebi.ac.uk/entry/P61960,P61960,
chr13:28626149,G/C,C,G,substition,blue,FLT3,intron,1,https://popgen.uchicago.edu/ggv/?data=%221000genomes%22&chr=13&pos=28626149,https://alphafold.ebi.ac.uk/entry/P36888,P36888,
chr14:102310704,C/T,C,T,substition,green,PPP2R5C,intron,0.1,https://popgen.uchicago.edu/ggv/?data=%221000genomes%22&chr=14&pos=102310704,,,
chr16:48149467,G/A,A,G,substitution,blue,ABCC12,exon,1,https://popgen.uchicago.edu/ggv/?data=%221000genomes%22&chr=16&pos=48149467,,,
chr20:25192049,A/G,A,G,substitution,blue,ENTPD6,intron,1,https://popgen.uchicago.edu/ggv/?data=%221000genomes%22&chr=20&pos=25192049,https://alphafold.ebi.ac.uk/entry/O75354,O75354,
chr4:166257028,G/T,T,G,substitution,green,MSMO1,intron,0.1,https://popgen.uchicago.edu/ggv/?data=%221000genomes%22&chr=4&pos=166257028,https://alphafold.ebi.ac.uk/entry/Q15800,Q15800,
chr11:15200674,G/C,C,G,substitution,green,INSC,intron,0.1,https://popgen.uchicago.edu/ggv/?data=%221000genomes%22&chr=11&pos=15200674 ,https://alphafold.com/entry/Q1MX18,Q1MX18,
chr15:63843467,G/C,C,G,substitution,green,USP3,intron,0.1,https://popgen.uchicago.edu/ggv/?data=%221000genomes%22&chr=15&pos=63843467,https://alphafold.ebi.ac.uk/entry/Q9Y6I4,Q9Y6I4,
chr17:44043302,A/G,G,A,subsitution,green,MAPT,intron,0.1,https://popgen.uchicago.edu/ggv/?data=%221000genomes%22&chr=17&pos=44043300,https://alphafold.ebi.ac.uk/entry/P10636,P10636,
chr4:184831976 ,G/T,T,G,substitution,blue,STOX2,exon,1,https://popgen.uchicago.edu/ggv/?data=%221000genomes%22&chr=4&pos=184831976,https://alphafold.com/entry/H0Y8U0,H0Y8U0,
chr17:59111921,T/C,C,T,subsitution,blue,BCAS3,intron,1,https://popgen.uchicago.edu/ggv/?data=%221000genomes%22&chr=17&pos=59111921,https://alphafold.ebi.ac.uk/entry/Q9H6U6,Q9H6U6,
chr10:68564210 ,A/G,G,A,Substitution,green,CTNNA3,intron,0.1,https://popgen.uchicago.edu/ggv/?data=%221000genomes%22&chr=10&pos=68564210,https://alphafold.ebi.ac.uk/entry/A0A6I8P0M8,A0A6I8P0M8,
chr14:59925028 ,T/G,G,T,substitution,blue,GPR135,intron,1,https://popgen.uchicago.edu/ggv/?data=%221000genomes%22&chr=14&pos=59925028,https://alphafold.ebi.ac.uk/entry/Q8IZ08,Q8IZ08,
chr14:63339509 ,A/C,C,A,substitution,green,KCNH5,intron,0.1,https://popgen.uchicago.edu/ggv/?data=%221000genomes%22&chr=14&pos=63339509,https://alphafold.ebi.ac.uk/entry/Q8NCM2,Q8NCM2,
chr2:109558305 ,T/C,C,T,substitution,blue,EDAR,intron,1,https://popgen.uchicago.edu/ggv/?data=%221000genomes%22&chr=2&pos=109558305,https://alphafold.ebi.ac.uk/entry/Q9UNE0,Q9UNE0,
chr2:197258107 ,G/A,A,G,substitution,blue,HECW2,intron,1,https://popgen.uchicago.edu/ggv/?data=%221000genomes%22&chr=2&pos=197258107,,,
chr9:609260 ,C/T,T,C,substitution,green,KANK1,intron,0.1,https://popgen.uchicago.edu/ggv/?data=%221000genomes%22&chr=9&pos=609260,https://alphafold.ebi.ac.uk/entry/Q14678,Q14678,
chr3:102176511 ,,,,,,,,,,,,
chr5:115525241 ,C/T,T,C,substitution,green,COMMD10,intron,0.1,https://popgen.uchicago.edu/ggv/?data=%221000genomes%22&chr=5&pos=115525241,https://alphafold.ebi.ac.uk/entry/L8EAU8,L8EAU8,
chr10:84190929 ,,,,,,,,,,,,
chr18:12006412 ,T/C,C,T,substituion,blue,IMPA2,intron,1,https://popgen.uchicago.edu/ggv/?data=%221000genomes%22&chr=18&pos=12006412,https://alphafold.ebi.ac.uk/entry/O14732,O14732,
chr1:241229621 ,C/T,T,C,substituion,green,RGS7,intron,0.1,https://popgen.uchicago.edu/ggv/?data=%221000genomes%22&chr=1&pos=241229621,https://alphafold.ebi.ac.uk/entry/P49802,P49802,
chr11:132844797 ,G/C,C,G,substituion,green,OPCML,intron,0.1,https://popgen.uchicago.edu/ggv/?data=%221000genomes%22&chr=11&pos=132844797,AlphaFold Protein Structure Database (ebi.ac.uk),Q14982,
chr16:84019441 ,C/G,G,C,substitution,green,NECAB2,intron,0.1,https://popgen.uchicago.edu/ggv/?data=%221000genomes%22&chr=16&pos=84019441,https://alphafold.ebi.ac.uk/entry/Q7Z6G3,Q7Z6G3,
chr17:44038785 ,G/A,A,G,substitution,blue,MAPT,intron,1,https://popgen.uchicago.edu/ggv/?data=%221000genomes%22&chr=17&pos=44038785,https://alphafold.ebi.ac.uk/entry/P10636,P10636,
chr4:87152848 ,T/C,C,T,substitution,green,MAPK10,intron,0.1,https://popgen.uchicago.edu/ggv/?data=%221000genomes%22&chr=4&pos=87152848 ,https://alphafold.ebi.ac.uk/entry/P53779,P53779,
chr7:76838245,C/G,G,C,substitution,green,CCDC146,intron,0.1,https://popgen.uchicago.edu/ggv/?data=%221000genomes%22&chr=7&pos=76838245,https://alphafold.ebi.ac.uk/entry/Q8IYE0,Q8IYE0,
chr3:39540203,T/G,G,T,substitution,blue,MOBP,intron,1,https://popgen.uchicago.edu/ggv/?data=%221000genomes%22&chr=3&pos=39540203,https://www.uniprot.org/uniprotkb/Q13875/entry,Q13875,
chr3:41645766 ,T/C,C,T,substitution,green ,ULK4,intron ,0.1,https://popgen.uchicago.edu/ggv/?data=%221000genomes%22&chr=3&pos=41645860 ,https://alphafold.ebi.ac.uk/entry/Q96C45,Q96C45,
chr5:151778095 ,A/C,C,A,substitution,blue,NMUR2,intron,1,https://popgen.uchicago.edu/ggv/?data=%221000genomes%22&chr=5&pos=151778095,https://alphafold.ebi.ac.uk/entry/Q9GZQ4,Q9GZQ4,
chr16:6916200 ,A/C,C,A,substitution,blue,RBFOX1,intron,1,https://popgen.uchicago.edu/ggv/?data=%221000genomes%22&chr=16&pos=6916200,https://alphafold.ebi.ac.uk/entry/Q9NWB1,Q9NWB1,
chr3:123465965,A/C,C,A,substitution,blue,MYLK,intron,1,https://popgen.uchicago.edu/ggv/?data=%221000genomes%22&chr=3&pos=123465965,https://alphafold.ebi.ac.uk/entry/A0A851MW84,A0A851MW84,
chr4:91785994 ,G/A,A,G,substitution,blue,CCSER1,intron,1,https://popgen.uchicago.edu/ggv/?data=%221000genomes%22&chr=4&pos=91785994,https://alphafold.ebi.ac.uk/entry/Q9C0I3,Q9C0I3,
chr5:147657020 ,G/A,A,G,Substitution,Blue,SPINK13,Intron,1,https://popgen.uchicago.edu/ggv/?data=%221000genomes%22&chr=5&pos=147657020,https://alphafold.ebi.ac.uk/entry/Q1W4C9,Q1W4C9,
chr1:234250304 ,G/A,A,G,Substitution,blue,SLC35F3,intron,1,https://popgen.uchicago.edu/ggv/?data=%221000genomes%22&chr=1&pos=234250304 ,,,
chr11:24811376,T/G,G,T,Substitution,Green,LUZP2,Intron,0.1,https://popgen.uchicago.edu/ggv/?data=%221000genomes%22&chr=7&pos=76838245,https://alphafold.ebi.ac.uk/entry/A0A852MYY7,A0A852MYY7,
chr12:22649464 ,G/A,A,G,substitution,green,C2CD5,intron,0.1,https://popgen.uchicago.edu/ggv/?data=%221000genomes%22&chr=12&pos=22649464,https://alphafold.ebi.ac.uk/entry/Q86YS7,Q86YS7,
chr2:17998331 ,C/T,T,C,substitution,blue,MSGN1,exon,1,https://popgen.uchicago.edu/ggv/?data=%221000genomes%22&chr=2&pos=17998331,https://alphafold.ebi.ac.uk/entry/A6NI15,A6NI15,
chr5:56515128,A/G,G,A,substitution,green,GPBP1,intron,0.1,https://popgen.uchicago.edu/ggv/?data=%221000genomes%22&chr=5&pos=56515128,https://alphafold.ebi.ac.uk/entry/Q86WP2,Q86WP2,
chr6:130621665 ,G/T,T,G,Substituition ,Green,SAMD3,intron,0.1,https://popgen.uchicago.edu/ggv/?data=%221000genomes%22&chr=6&pos=130621665,https://alphafold.ebi.ac.uk/search/text/SAMD3%20?organismScientificName=Homo%20sapiens&isReviewed=true,Q8N6K7,
chr15:100696848,A/G,G,A,Substituition ,Green,ADAMTS17,Exon,0.1,https://popgen.uchicago.edu/ggv/?data=%221000genomes%22&chr=15&pos=100696848,https://alphafold.com/entry/Q8TE56,Q8TE56,
chr12:85279985,G/A,A,G,substitution,blue,SLC6A15,intron,1,https://popgen.uchicago.edu/ggv/?data=%221000genomes%22&chr=12&pos=85279985,https://alphafold.com/entry/Q9H2J7,Q9H2J7,
chr12:109330839,G/A,A,G,substitution,green,SVOP,exon,0.1,https://popgen.uchicago.edu/ggv/?data=%221000genomes%22&chr=12&pos=109330839,https://alphafold.ebi.ac.uk/entry/Q8N4V2,,
chr15:31358340 ,A/G,G,A,substitution,Green,TRPM1,exon,0.1,GGV (uchicago.edu),AlphaFold Protein Structure Database,A0A7K9MSG4,
chr18:7013886 ,T/C,C,T,substituition,green,LAMA1,exon,0.1,https://popgen.uchicago.edu/ggv/?data=%221000genomes%22&chr=18&pos=7013886,https://alphafold.ebi.ac.uk/entry/Q6P6D3,Q6P6D3,
chr1:53460369 ,A/G,G,A,substitution,blue,SCP2,exon,1,https://popgen.uchicago.edu/ggv/?data=%221000genomes%22&chr=1&pos=53460369 ,https://alphafold.ebi.ac.uk/entry/Q9UJQ7 ,Q9UJQ7,
chr12:83359501,G/A,A,G,substitution,Green,TMTC2,exon,0.1,https://popgen.uchicago.edu/ggv/?data=%221000genomes%22&chr=12&pos=83359501,https://alphafold.ebi.ac.uk/entry/Q8N394,Q8N394,
chr17:44122961,T/C,C,T,substitution ,green,KANSL1,exon,0.1,https://popgen.uchicago.edu/ggv/?data=%221000genomes%22&chr=17&pos=44122961,https://alphafold.ebi.ac.uk/entry/Q7Z3B3,Q7Z3B3,
chr2:163175184,C/T,T,C,substitution,green,IFIH1,exon,0.1,https://popgen.uchicago.edu/ggv/?data=%221000genomes%22&chr=2&pos=163175184,https://alphafold.ebi.ac.uk/entry/Q9BYX4,Q9BYX4,
chr20:53180148,A/G,G,A,substitution,green,DOK5,exon,0.1,https://popgen.uchicago.edu/ggv/?data=%221000genomes%22&chr=20&pos=53180148,https://alphafold.ebi.ac.uk/entry/Q9P104,Q9P104,
chr6:136336053,C/T,T,C,substitution,green,PDE7B,exon,0.1,https://popgen.uchicago.edu/ggv/?data=%221000genomes%22&chr=6&pos=136336053,,,
chr11:126567179 ,T/C,C,T,substitution,green,KIRREL3,intron,0.1,https://popgen.uchicago.edu/ggv/?data=%221000genomes%22&chr=11&pos=126567179,https://alphafold.ebi.ac.uk/entry/Q8N7Y1,Q8N7Y1,
chr2:180427290 ,C/G,G,C,substitution,blue,ZNF385B,exon,1,https://popgen.uchicago.edu/ggv/?data=%221000genomes%22&chr=2&pos=180427290,https://alphafold.ebi.ac.uk/search/text/ZNF385B?organismScientificName=Homo%20sapiens&isReviewed=true,Q569K4,
chr8:125989698,,,,,,,,,,,,
chr11:34920834,T/C,C,T,Substitution,Green,APIP,Intron,0.1,https://popgen.uchicago.edu/ggv/?data=%221000genomes%22&chr=11&pos=34920834,https://alphafold.com/entry/Q96GX9,Q96GX9,
chr11:111236710 ,,,,,,,,,,,,
chr18:32272680 ,G/A,A,G,Substitution,Green,DTNA,Intron,0.1,https://popgen.uchicago.edu/ggv/?data=%221000genomes%22&chr=18&pos=32272680,https://alphafold.com/entry/Q9Y4J8,Q9Y4J8,
chr4:159508935,G/T,T,G,Substitution,green,RXFP1,intron,0.1,https://popgen.uchicago.edu/ggv/?data=%221000genomes%22&chr=4&pos=159508935,https://alphafold.ebi.ac.uk/entry/Q9HBX9,Q9HBX9,
chr17:27798444 ,T/C,C,T,subsitution,blue,TAOK1,intron,1,https://popgen.uchicago.edu/ggv/?data=%221000genomes%22&chr=17&pos=27798444,https://alphafold.ebi.ac.uk/entry/Q7L7X3,Q7L7X3,
chr6:158305165,,,,,,,,,,,,
chr1:6389170,T/A,A,T,substitution,Green,ACOT7,intron,0.1,https://popgen.uchicago.edu/ggv/?data=%221000genomes%22&chr=1&pos=6389170 ,https://alphafold.com/entry/O00154 ,O00154,
chr10:31713220 ,G/A,A,G,substitution,green,ZEB1,intron,0.1,https://popgen.uchicago.edu/ggv/?data=%221000genomes%22&chr=10&pos=31713220,https://alphafold.ebi.ac.uk/entry/P37275,P37275,
chr10:71239274 ,A/G,G,A,substitution,green,TSPAN15,Introns,0.1,https://popgen.uchicago.edu/ggv/?data=%221000genomes%22&chr=10&pos=71239270,https://alphafold.com/entry/O95858,O95858,
chr13:42715626 ,,,,,,,,,,,,
chr2:122251182,A/C,C,A,substitution,green,CLASP1,intron,0.1,https://popgen.uchicago.edu/ggv/?data=%221000genomes%22&chr=2&pos=122251182,https://alphafold.ebi.ac.uk/entry/Q7Z460,Q7Z460,
chr4:16701790 ,T/C,C,T,substitution,Green,LDB2,intron,0.1,https://popgen.uchicago.edu/ggv/?data=%221000genomes%22&chr=4&pos=16701790,https://alphafold.ebi.ac.uk/entry/O43679,O43679,
chr1:3170552 ,C/T,T,C,substitution,Green,PRDM16,exon,0.1,https://popgen.uchicago.edu/ggv/?data=%221000genomes%22&chr=1&pos=3170552 ,https://alphafold.ebi.ac.uk/entry/A0A851MGF9,A0A851MGF9,
chr3:10105847,G/A,A,G,substitution,green,FANCD2,intron,0.1,https://popgen.uchicago.edu/ggv/?data=%221000genomes%22&chr=3&pos=10105847,https://alphafold.ebi.ac.uk/entry/Q96PS1,Q96PS1,
chr10:91372305 ,T/A,A,T,substitution,Blue,PANK1,intron,1,https://popgen.uchicago.edu/ggv/?data=%221000genomes%22&chr=10&pos=91372305,https://alphafold.ebi.ac.uk/entry/Q8TE04,Q8TE04,
chr5:169931525 ,G/T,T,G,substitution,Green,KCNIP1,exon,0.1, https://popgen.uchicago.edu/ggv/?data=%221000genomes%22&chr=5&pos=169931525,https://alphafold.ebi.ac.uk/entry/Q9NZI2,Q9NZI2,
chr16:6906101 T/C,T/C,C,T,substitution,green,RBFOX1,intron,0.1,https://popgen.uchicago.edu/ggv/?data=%221000genomes%22&chr=16&pos=6906101,https://alphafold.ebi.ac.uk/entry/Q9NWB1,Q9NWB1,
chr18:34802584 ,A/G,G,A,substitution,blue,KIAA1328,exon,1,https://popgen.uchicago.edu/ggv/?data=%221000genomes%22&chr=18&pos=34802584,https://alphafold.com/entry/Q86T90,Q86T90,
chr2:63587155 T/C,T/C,C,T,substitution,green,WDPCP,exon,0.1,https://popgen.uchicago.edu/ggv/?data=%221000genomes%22&chr=2&pos=63587155,https://alphafold.ebi.ac.uk/entry/O95876,,
chr11:73850244 ,,,,,,,,,,,,
chr12:56974785 ,A/G,G,A,substitution,blue,RBMS2,intron,1,https://popgen.uchicago.edu/ggv/?data=%221000genomes%22&chr=12&pos=56974785 ,https://alphafold.ebi.ac.uk/entry/Q15434 ,Q15434,
chr14:23044261 ,G/A,A,G,subsitution,blue,DAD1,intron,1,https://popgen.uchicago.edu/ggv/?data=%221000genomes%22&chr=14&pos=23044261,https://alphafold.ebi.ac.uk/entry/P61803,P61803,
chr5:118298494 C/T,,,,,,,,,,,,
chr1:174769366 ,A/T,T,A,substitution,Green,RABGAP1L,exon,0.1,https://popgen.uchicago.edu/ggv/?data=%221000genomes%22&chr=1&pos=174769366,https://alphafold.ebi.ac.uk/entry/Q5R372,Q5R372,
chr18:54507881 ,G/A,A,G,substitution,blue,WDR7,intron,1,https://popgen.uchicago.edu/ggv/?data=%221000genomes%22&chr=18&pos=54507881,https://alphafold.ebi.ac.uk/entry/Q9Y4E6,Q9Y4E6,
chr2:158142486,C/T,T,A,substitution,green,GALNT5,intron,0.1,https://popgen.uchicago.edu/ggv/?data=%221000genomes%22&chr=2&pos=158142486,https://alphafold.ebi.ac.uk/entry/Q7Z7M9,Q7Z7M9,
chr20:30414621 ,T/C,C,T,Substitution,Green,MYLK2,Exon,0.1,https://popgen.uchicago.edu/ggv/?data=%221000genomes%22&chr=20&pos=30414621,https://alphafold.ebi.ac.uk/entry/Q9H1R3,Q9H1R3,
chr3:96980726 ,C/T,T,C,substitution,blue,EPHA6,intron,1,https://popgen.uchicago.edu/ggv/?data=%221000genomes%22&chr=3&pos=96980726,https://alphafold.ebi.ac.uk/entry/Q9UF33,Q9UF33,
chr3:192075485 ,,,,,,,,,,,,
chr1:75671215 ,,,,,,,,,,,,
chr8:19811023,AGT/A,A,AGT,indel,blue,LPL,intron,1,https://popgen.uchicago.edu/ggv/?data=%221000genomes%22&chr=8&pos=19811023,https://alphafold.ebi.ac.uk/search/text/LPL?organismScientificName=Homo%20sapiens&isReviewed=true,PLA2G15,
chr14:67311322,T/C,C,T,subsitution,green,GPHN,intron,0.1,https://popgen.uchicago.edu/ggv/?data=%221000genomes%22&chr=14&pos=67311322,https://alphafold.ebi.ac.uk/entry/G3R3Z0,G3R3Z0,
chr2:1158981,C/T,T,C,substitution,blue,SNTG2,exon,1,https://popgen.uchicago.edu/ggv/?data=%221000genomes%22&chr=2&pos=1158981,https://alphafold.ebi.ac.uk/entry/Q9NY99,Q9NY99,
chr2:113795177,A/G,G,A,substituion,blue,IL36B,intron,1,https://popgen.uchicago.edu/ggv/?data=%221000genomes%22&chr=2&pos=113795177,https://alphafold.ebi.ac.uk/entry/Q9NZH7,Q9NZH7,
chr3:344731,A/T,T,A,Substitution,Green,CHL1,exon,0.1,https://popgen.uchicago.edu/ggv/?data=%221000genomes%22&chr=3&pos=344731,,,
chr7:11640861,T/A,A,T,Substitution,Red,THSD7A,Intron,0.01,https://popgen.uchicago.edu/ggv/?data=%221000genomes%22&chr=7&pos=11640861,https://alphafold.ebi.ac.uk/entry/Q9UPZ6,Q9UPZ6,
chr2:232152829,G/A,A,G,Substitution ,Green,ARMC9,Intron,0.1,https://popgen.uchicago.edu/ggv/?data=%221000genomes%22&chr=2&pos=232152829,https://alphafold.ebi.ac.uk/entry/A0A091SDG8,A0A091SDG8,
chr2:240899989,T/C,C,T,Substitution,Red,NDUAF10,exon,0.01,https://popgen.uchicago.edu/ggv/?data=%221000genomes%22&chr=2&pos=240899989,https://alphafold.ebi.ac.uk/entry/F7BUR2,F7BUR2,
chr4:184827955 ,T/C,C,T,Substitution,green,STOX2,Exon,0.1,https://popgen.uchicago.edu/ggv/?data=%221000genomes%22&chr=4&pos=184827955,https://alphafold.ebi.ac.uk/entry/A0A7N5JTI5,A0A7N5JTI5,
chr18:66360689,T/G,G,T,Substitution,green,TMX3,intron,0.1,https://popgen.uchicago.edu/ggv/?data=%221000genomes%22&chr=18&pos=66360689,https://alphafold.ebi.ac.uk/entry/Q96JJ7,Q96JJ7,
chr6:129521301,G/A,A,G,substitution,green,LAMA2,intron,0.1,https://popgen.uchicago.edu/ggv/?data=%221000genomes%22&chr=6&pos=129521301,https://alphafold.ebi.ac.uk/entry/A0A1P8NQC0,A0A1P8NQC0,
chr6:163931909,,,,,,,,,,,,
chr1:15184906,G/A,A,G,substitution,blue,KAZN,intron,1,https://popgen.uchicago.edu/ggv/?data=%221000genomes%22&chr=1&pos=15184906,https://alphafold.ebi.ac.uk/entry/Q674X7,Q674X7,
chr14:97305597 ,C/G,G,C,substitution,green,VRK1,intron,0.1,https://popgen.uchicago.edu/ggv/?data=%221000genomes%22&chr=14&pos=97305597,https://alphafold.ebi.ac.uk/entry/Q99986,Q99986,
chr19:24270359,T/C,C,T,substitution,red,ZNF254,intron,0.01,https://popgen.uchicago.edu/ggv/?data=%221000genomes%22&chr=19&pos=24270359,https://alphafold.ebi.ac.uk/entry/O75437,O75437,
,C/G,C,G,Substitution ,green,MYO3B,intron,0.1,https://popgen.uchicago.edu/ggv/?data=%221000genomes%22&chr=2&pos=171273258,https://alphafold.ebi.ac.uk/entry/A0A4Z2GKW5,A0A4Z2GKW5,
chr2:171273258 ,T/G,G,T,Substitution ,blue,KALRN,intron,1,https://popgen.uchicago.edu/ggv/?data=%221000genomes%22&chr=3&pos=124129357,https://alphafold.com/entry/A0A804HI42,A0A804HI42,
chr4:71631391 ,A/G,G,A,Substitution,Green,RUFY3,Intron,0.1,https://popgen.uchicago.edu/ggv/?data=%221000genomes%22&chr=4&pos=71631391,https://alphafold.ebi.ac.uk/entry/D6RCQ1,D6RCQ1,
chr6:56571138 ,G/A,A,G,substitution,blue,DST,intron,1,https://popgen.uchicago.edu/ggv/?data=%221000genomes%22&chr=6&pos=56571138,https://alphafold.ebi.ac.uk/entry/Q5T0V7,Q5T0V7,
chr6:129521097 ,A/G,G,A,substitution,green,LAMA2,intron,0.1,https://popgen.uchicago.edu/ggv/?data=%221000genomes%22&chr=6&pos=129521097,https://alphafold.ebi.ac.uk/entry/A0A1P8NQC0,A0A1P8NQC0,
chr7:157856101 ,C/T,T,C,substitution,green,PTPRN2,intron,0.1,https://popgen.uchicago.edu/ggv/?data=%221000genomes%22&chr=7&pos=157856101,https://alphafold.ebi.ac.uk/entry/Q92932,Q92932,
chr8:104890703 ,C/T,T,C,substitution,blue,RIMS2,intron,1,https://popgen.uchicago.edu/ggv/?data=%221000genomes%22&chr=8&pos=104890703 ,https://alphafold.ebi.ac.uk/entry/Q9UQ26,Q9UQ26,
chr11:124135294 ,T/C,C,T,Substitution ,red,O8G1,intron,0.01,https://popgen.uchicago.edu/ggv/?data=%221000genomes%22&chr=11&pos=124135294,https://alphafold.com/entry/Q15617,Q15617,
chr2:231345709 ,,,,,,,,,,,,
chr3:194165338 ,T/C,C,T,substitution,red,ATP13A3,intron,0.01,https://popgen.uchicago.edu/ggv/?data=%221000genomes%22&chr=3&pos=194165338,https://alphafold.ebi.ac.uk/entry/Q9H7F0,Q9H7F0,
chr7:111606688 ,A/G,G,A,substitution,blue,DOCK4,intron,1,https://popgen.uchicago.edu/ggv/?data=%221000genomes%22&chr=7&pos=111606688,,,
chr9:124719956 ,T/C,C,T,substitution,green,TTLL,intron,1,https://popgen.uchicago.edu/ggv/?data=%221000genomes%22&chr=9&pos=124719956,https://alphafold.ebi.ac.uk/entry/Q8NHH1,Q8NHH1,
chr11:84252413 ,A/G,G,A,substitution,green,DLG2,intron,0.1,https://popgen.uchicago.edu/ggv/?data=%221000genomes%22&chr=11&pos=84252413,https://alphafold.ebi.ac.uk/entry/Q15700,Q15700,
chr11:94555793 ,G/A,A,G,substitution,green,AMOTL1,intron,0.1,https://popgen.uchicago.edu/ggv/?data=%221000genomes%22&chr=11&pos=94555793,https://alphafold.ebi.ac.uk/entry/Q8IY63,Q8IY63,
chr12:52843104 ,T/C,C,T,substitution,blue,KRT6B,intron,1,https://popgen.uchicago.edu/ggv/?data=%221000genomes%22&chr=12&pos=52843104,https://alphafold.ebi.ac.uk/entry/P04259,P04259,
chr8:145832729,G/A,A,G,substitution,green,ARHGAP39,intron,0.1,https://popgen.uchicago.edu/ggv/?data=%221000genomes%22&chr=8&pos=145832729,,,
chr9:137275370,A/G,A,G,substitution,green,RXRA,intron,0.1,https://popgen.uchicago.edu/ggv/?data=%221000genomes%22&chr=9&pos=137275370,https://alphafold.ebi.ac.uk/entry/P19793,P19793,
chr10:76688714,G/A,A,G,Substitution,red,KAT6B,intron,0.01,https://popgen.uchicago.edu/ggv/?data=%221000genomes%22&chr=10&pos=76688714,,,
chr14:36098993,T/C,C,T,Substitution,red,RALGAPA1,intron,0.01,https://popgen.uchicago.edu/ggv/?data=%221000genomes%22&chr=14&pos=36098993,https://alphafold.ebi.ac.uk/entry/Q6GYQ0,Q6GYQ0,
chr19:12011959,A/G,G,A,subsitution,blue,ZNF69,intron,1,https://popgen.uchicago.edu/ggv/?data=%221000genomes%22&chr=19&pos=12011959,https://alphafold.ebi.ac.uk/entry/A0A3L7HND8,A0A3L7HND8,
,,,,,,,,,,,,
chr3:121956538,,,,,,,,,,,,
chr4:170423922,,,,,,,,,,,,
chr6:72854649,,,,,,,,,,,,
chr14:105815820 ,,,,,,,,,,,,
chr2:29359057,,,,,,,,,,,,
chr3:19383565,,,,,,,,,,,,
chr3:138462742,,,,,,,,,,,,
chr5:137012487,,,,,,,,,,,,
chr1:29330133,,,,,,,,,,,,
chr18:6184956,,,,,,,,,,,,
chr2:218384971,,,,,,,,,,,,
chr5:39188055,,,,,,,,,,,,
chr1:185931631,,,,,,,,,,,,
chr11:126582011,,,,,,,,,,,,
chr18:67771559,,,,,,,,,,,,
chr22:46845116,,,,,,,,,,,,
chr3:17491380,,,,,,,,,,,,
chr15:65049931,,,,,,,,,,,,
chr2:109369022,,,,,,,,,,,,
chr3:183377730,,,,,,,,,,,,
chr4:82370424,,,,,,,,,,,,
chr4:82370209,,,,,,,,,,,,
chr6:144893429,,,,,,,,,,,,
chr1:231530141,,,,,,,,,,,,
chr12:21799502,,,,,,,,,,,,
chr2:26177446,,,,,,,,,,,,
chr4:87152953 ,,,,,,,,,,,,
chr7:137298720  ,,,,,,,,,,,,
chr13:92785164 ,,,,,,,,,,,,
chr2:30468679 ,,,,,,,,,,,,
chr3:17491356 ,,,,,,,,,,,,
chr3:107385903 ,,,,,,,,,,,,
chr8:20132613 ,,,,,,,,,,,,
chr17:59112640 ,,,,,,,,,,,,
chr22:33993646 ,,,,,,,,,,,,
chr3:175052762 ,,,,,,,,,,,,
chr12:102294276 ,,,,,,,,,,,,
chr4:124042543 ,,,,,,,,,,,,
chr7:137298626 ,,,,,,,,,,,,
chr1:222087833,,,,,,,,,,,,
chr2:10505364 ,,,,,,,,,,,,
chr12:44535096 ,,,,,,,,,,,,
chr17:37483867 ,,,,,,,,,,,,
chr17:54412837,,,,,,,,,,,,
chr2:135349743,,,,,,,,,,,,
chr3:62622701 ,,,,,,,,,,,,
chr1:107855209 ,,,,,,,,,,,,
chr14:61903062 ,,,,,,,,,,,,
chr22:18389616,,,,,,,,,,,,
chr5:142379335 ,,,,,,,,,,,,
chr8:3822774,,,,,,,,,,,,
chr10:26549395,,,,,,,,,,,,
chr10:45804721,,,,,,,,,,,,
chr13:70478702 ,,,,,,,,,,,,
,,,,,,,,,,,,
,,,,,,,,,,,,
,,,,,,,,,,,,
,,,,,,,,,,,,
,,,,,,,,,,,,
,,,,,,,,,,,,
,,,,,,,,,,,,
,,,,,,,,,,,,
,,,,,,,,,,,,
,,,,,,,,,,,,
,,,,,,,,,,,,
,,,,,,,,,,,,
,,,,,,,,,,,,
,,,,,,,,,,,,
,,,,,,,,,,,,
,,,,,,,,,,,,
,,,,,,,,,,,,
,,,,,,,,,,,,
,,,,,,,,,,,,
,,,,,,,,,,,,
,,,,,,,,,,,,
,,,,,,,,,,,,
,,,,,,,,,,,,
,,,,,,,,,,,,
,,,,,,,,,,,,
,,,,,,,,,,,,
,,,,,,,,,,,,
,,,,,,,,,,,,
,,,,,,,,,,,,
,,,,,,,,,,,,
,,,,,,,,,,,,
,,,,,,,,,,,,
,,,,,,,,,,,,
,,,,,,,,,,,,
,,,,,,,,,,,,
,,,,,,,,,,,,
,,,,,,,,,,,,
,,,,,,,,,,,,
,,,,,,,,,,,,
,,,,,,,,,,,,
,,,,,,,,,,,,
,,,,,,,,,,,,
,,,,,,,,,,,,
,,,,,,,,,,,,
,,,,,,,,,,,,
,,,,,,,,,,,,
,,,,,,,,,,,,
,,,,,,,,,,,,
,,,,,,,,,,,,
,,,,,,,,,,,,
,,,,,,,,,,,,
,,,,,,,,,,,,
,,,,,,,,,,,,
,,,,,,,,,,,,
,,,,,,,,,,,,
,,,,,,,,,,,,
,,,,,,,,,,,,
,,,,,,,,,,,,
,,,,,,,,,,,,
,,,,,,,,,,,,
,,,,,,,,,,,,
,,,,,,,,,,,,
,,,,,,,,,,,,
,,,,,,,,,,,,
,,,,,,,,,,,,
,,,,,,,,,,,,
,,,,,,,,,,,,
,,,,,,,,,,,,
,,,,,,,,,,,,
,,,,,,,,,,,,
,,,,,,,,,,,,
,,,,,,,,,,,,
,,,,,,,,,,,,
,,,,,,,,,,,,
,,,,,,,,,,,,
,,,,,,,,,,,,
,,,,,,,,,,,,
,,,,,,,,,,,,
,,,,,,,,,,,,
,,,,,,,,,,,,
,,,,,,,,,,,,
,,,,,,,,,,,,
,,,,,,,,,,,,
,,,,,,,,,,,,
,,,,,,,,,,,,
,,,,,,,,,,,,
,,,,,,,,,,,,
,,,,,,,,,,,,
,,,,,,,,,,,,
,,,,,,,,,,,,
,,,,,,,,,,,,
,,,,,,,,,,,,
,,,,,,,,,,,,
,,,,,,,,,,,,
,,,,,,,,,,,,
,,,,,,,,,,,,
,,,,,,,,,,,,
,,,,,,,,,,,,
,,,,,,,,,,,,
,,,,,,,,FALSE,,,,
,,,,,,,,FALSE,,,,
,,,,,,,,FALSE,,,,
,,,,,,,,FALSE,,,,
,,,,,,,,FALSE,,,,
,,,,,,,,FALSE,,,,
